ts,te,td,sa,da,sp,dp,pr,flg,fwd,stos,ipkt,ibyt,opkt,obyt,in,out,sas,das,smk,dmk,dtos,dir,nh,nhb,svln,dvln,ismc,odmc,idmc,osmc,mpls1,mpls2,mpls3,mpls4,mpls5,mpls6,mpls7,mpls8,mpls9,mpls10,cl,sl,al,ra,eng,exid,tr
2024-06-21 20:23:56,2024-06-21 20:24:00,4.016,192.168.1.34,192.168.1.195,0,0,ICMP,...A....,0,0,5,420,0,0,4,0,0,0,24,24,0,0,0.0.0.0,0.0.0.0,0,0,00:00:00:00:00:00,00:00:00:00:00:00,00:00:00:00:00:00,00:00:00:00:00:00,0-0-0,0-0-0,0-0-0,0-0-0,0-0-0,0-0-0,0-0-0,0-0-0,0-0-0,0-0-0,    0.000,    0.000,    0.000,192.168.60.100,0/0,1,2024-06-21 17:24:26.494
2024-06-21 20:24:08,2024-06-21 20:24:12,4.020,192.168.40.2,192.168.60.100,0,0,ICMP,...A....,0,0,5,420,0,0,5,0,0,0,24,24,0,0,0.0.0.0,0.0.0.0,0,0,00:00:00:00:00:00,00:00:00:00:00:00,00:00:00:00:00:00,00:00:00:00:00:00,0-0-0,0-0-0,0-0-0,0-0-0,0-0-0,0-0-0,0-0-0,0-0-0,0-0-0,0-0-0,    0.000,    0.000,    0.000,192.168.60.100,0/0,1,2024-06-21 17:24:38.505
2024-06-21 20:24:16,2024-06-21 20:24:20,4.076,192.168.40.2,192.168.60.2,0,0,ICMP,...A....,0,0,5,420,0,0,5,7,0,0,24,24,0,0,192.168.60.2,0.0.0.0,0,0,00:00:00:00:00:00,00:00:00:00:00:00,00:00:00:00:00:00,00:00:00:00:00:00,0-0-0,0-0-0,0-0-0,0-0-0,0-0-0,0-0-0,0-0-0,0-0-0,0-0-0,0-0-0,    0.000,    0.000,    0.000,192.168.60.100,0/0,1,2024-06-21 17:24:38.505
2024-06-21 20:24:16,2024-06-21 20:24:20,4.076,192.168.40.2,192.168.60.2,0,0,ICMP,...A....,0,0,5,420,0,0,5,7,0,0,24,24,0,1,192.168.60.2,0.0.0.0,0,0,00:00:00:00:00:00,00:00:00:00:00:00,00:00:00:00:00:00,00:00:00:00:00:00,0-0-0,0-0-0,0-0-0,0-0-0,0-0-0,0-0-0,0-0-0,0-0-0,0-0-0,0-0-0,    0.000,    0.000,    0.000,192.168.60.100,0/0,1,2024-06-21 17:24:38.505
2024-06-21 20:24:16,2024-06-21 20:24:20,4.080,192.168.60.2,192.168.40.2,0,0,ICMP,...A....,0,0,5,420,0,0,7,5,0,0,24,24,0,0,192.168.40.2,0.0.0.0,0,0,00:00:00:00:00:00,00:00:00:00:00:00,00:00:00:00:00:00,00:00:00:00:00:00,0-0-0,0-0-0,0-0-0,0-0-0,0-0-0,0-0-0,0-0-0,0-0-0,0-0-0,0-0-0,    0.000,    0.000,    0.000,192.168.60.100,0/0,1,2024-06-21 17:24:38.505
2024-06-21 20:24:16,2024-06-21 20:24:20,4.080,192.168.60.2,192.168.40.2,0,0,ICMP,...A....,0,0,5,420,0,0,7,5,0,0,24,24,0,1,192.168.40.2,0.0.0.0,0,0,00:00:00:00:00:00,00:00:00:00:00:00,00:00:00:00:00:00,00:00:00:00:00:00,0-0-0,0-0-0,0-0-0,0-0-0,0-0-0,0-0-0,0-0-0,0-0-0,0-0-0,0-0-0,    0.000,    0.000,    0.000,192.168.60.100,0/0,1,2024-06-21 17:24:38.505
2024-06-21 20:19:53,2024-06-21 20:19:53,0.132,192.168.60.2,224.0.0.22,0,148,IGMP,...A....,0,192,2,80,0,0,7,0,0,0,24,0,0,0,0.0.0.0,0.0.0.0,0,0,00:00:00:00:00:00,00:00:00:00:00:00,00:00:00:00:00:00,00:00:00:00:00:00,0-0-0,0-0-0,0-0-0,0-0-0,0-0-0,0-0-0,0-0-0,0-0-0,0-0-0,0-0-0,    0.000,    0.000,    0.000,192.168.60.100,0/0,1,2024-06-21 17:20:19.368
2024-06-21 20:19:53,2024-06-21 20:19:57,4.044,192.168.60.2,224.0.0.251,5353,5353,UDP,...A....,0,0,6,1356,0,0,7,0,0,0,24,0,0,0,0.0.0.0,0.0.0.0,0,0,00:00:00:00:00:00,00:00:00:00:00:00,00:00:00:00:00:00,00:00:00:00:00:00,0-0-0,0-0-0,0-0-0,0-0-0,0-0-0,0-0-0,0-0-0,0-0-0,0-0-0,0-0-0,    0.000,    0.000,    0.000,192.168.60.100,0/0,1,2024-06-21 17:20:19.368
2024-06-21 20:20:18,2024-06-21 20:20:18,0.000,192.168.60.2,192.168.60.100,46071,53,UDP,...A....,0,0,1,73,0,0,7,0,0,0,24,24,0,0,0.0.0.0,0.0.0.0,0,0,00:00:00:00:00:00,00:00:00:00:00:00,00:00:00:00:00:00,00:00:00:00:00:00,0-0-0,0-0-0,0-0-0,0-0-0,0-0-0,0-0-0,0-0-0,0-0-0,0-0-0,0-0-0,    0.000,    0.000,    0.000,192.168.60.100,0/0,1,2024-06-21 17:20:39.391
2024-06-21 20:20:45,2024-06-21 20:20:45,0.208,192.168.60.2,239.255.255.250,59195,3702,UDP,...A....,0,0,2,1270,0,0,7,0,0,0,24,0,0,0,0.0.0.0,0.0.0.0,0,0,00:00:00:00:00:00,00:00:00:00:00:00,00:00:00:00:00:00,00:00:00:00:00:00,0-0-0,0-0-0,0-0-0,0-0-0,0-0-0,0-0-0,0-0-0,0-0-0,0-0-0,0-0-0,    0.000,    0.000,    0.000,192.168.60.100,0/0,1,2024-06-21 17:21:10.379
2024-06-21 20:20:45,2024-06-21 20:20:45,0.000,192.168.60.2,224.0.0.251,5353,5353,UDP,...A....,0,0,1,132,0,0,7,0,0,0,24,0,0,0,0.0.0.0,0.0.0.0,0,0,00:00:00:00:00:00,00:00:00:00:00:00,00:00:00:00:00:00,00:00:00:00:00:00,0-0-0,0-0-0,0-0-0,0-0-0,0-0-0,0-0-0,0-0-0,0-0-0,0-0-0,0-0-0,    0.000,    0.000,    0.000,192.168.60.100,0/0,1,2024-06-21 17:21:10.379
2024-06-21 20:20:45,2024-06-21 20:20:46,0.624,192.168.60.2,224.0.0.22,0,148,IGMP,...A....,0,192,3,120,0,0,7,0,0,0,24,0,0,0,0.0.0.0,0.0.0.0,0,0,00:00:00:00:00:00,00:00:00:00:00:00,00:00:00:00:00:00,00:00:00:00:00:00,0-0-0,0-0-0,0-0-0,0-0-0,0-0-0,0-0-0,0-0-0,0-0-0,0-0-0,0-0-0,    0.000,    0.000,    0.000,192.168.60.100,0/0,1,2024-06-21 17:21:10.379
2024-06-21 20:13:50,2024-06-21 20:14:01,10.660,192.168.1.34,192.168.1.195,0,0,ICMP,...A....,0,0,10,840,0,0,4,0,0,0,24,24,0,0,0.0.0.0,0.0.0.0,0,0,00:00:00:00:00:00,00:00:00:00:00:00,00:00:00:00:00:00,00:00:00:00:00:00,0-0-0,0-0-0,0-0-0,0-0-0,0-0-0,0-0-0,0-0-0,0-0-0,0-0-0,0-0-0,    0.000,    0.000,    0.000,192.168.60.100,0/0,1,2024-06-21 17:14:28.309
2024-06-21 20:14:39,2024-06-21 20:14:43,4.080,192.168.40.2,192.168.60.2,0,0,ICMP,...A....,0,0,5,420,0,0,5,7,0,0,24,24,0,0,192.168.60.2,0.0.0.0,0,0,00:00:00:00:00:00,00:00:00:00:00:00,00:00:00:00:00:00,00:00:00:00:00:00,0-0-0,0-0-0,0-0-0,0-0-0,0-0-0,0-0-0,0-0-0,0-0-0,0-0-0,0-0-0,    0.000,    0.000,    0.000,192.168.60.100,0/0,1,2024-06-21 17:15:10.313
2024-06-21 20:14:39,2024-06-21 20:14:43,4.080,192.168.40.2,192.168.60.2,0,0,ICMP,...A....,0,0,5,420,0,0,5,7,0,0,24,24,0,1,192.168.60.2,0.0.0.0,0,0,00:00:00:00:00:00,00:00:00:00:00:00,00:00:00:00:00:00,00:00:00:00:00:00,0-0-0,0-0-0,0-0-0,0-0-0,0-0-0,0-0-0,0-0-0,0-0-0,0-0-0,0-0-0,    0.000,    0.000,    0.000,192.168.60.100,0/0,1,2024-06-21 17:15:10.313
2024-06-21 20:14:39,2024-06-21 20:14:43,4.080,192.168.60.2,192.168.40.2,0,0,ICMP,...A....,0,0,5,420,0,0,7,5,0,0,24,24,0,0,192.168.40.2,0.0.0.0,0,0,00:00:00:00:00:00,00:00:00:00:00:00,00:00:00:00:00:00,00:00:00:00:00:00,0-0-0,0-0-0,0-0-0,0-0-0,0-0-0,0-0-0,0-0-0,0-0-0,0-0-0,0-0-0,    0.000,    0.000,    0.000,192.168.60.100,0/0,1,2024-06-21 17:15:10.313
2024-06-21 20:14:39,2024-06-21 20:14:43,4.080,192.168.60.2,192.168.40.2,0,0,ICMP,...A....,0,0,5,420,0,0,7,5,0,0,24,24,0,1,192.168.40.2,0.0.0.0,0,0,00:00:00:00:00:00,00:00:00:00:00:00,00:00:00:00:00:00,00:00:00:00:00:00,0-0-0,0-0-0,0-0-0,0-0-0,0-0-0,0-0-0,0-0-0,0-0-0,0-0-0,0-0-0,    0.000,    0.000,    0.000,192.168.60.100,0/0,1,2024-06-21 17:15:10.313
2024-06-21 20:14:47,2024-06-21 20:14:51,4.052,192.168.40.2,192.168.60.100,0,0,ICMP,...A....,0,0,5,420,0,0,5,0,0,0,24,24,0,0,0.0.0.0,0.0.0.0,0,0,00:00:00:00:00:00,00:00:00:00:00:00,00:00:00:00:00:00,00:00:00:00:00:00,0-0-0,0-0-0,0-0-0,0-0-0,0-0-0,0-0-0,0-0-0,0-0-0,0-0-0,0-0-0,    0.000,    0.000,    0.000,192.168.60.100,0/0,1,2024-06-21 17:15:10.313
2024-06-21 20:07:45,2024-06-21 20:07:45,0.000,192.168.60.2,192.168.60.100,42111,53,UDP,...A....,0,0,1,73,0,0,7,0,0,0,24,24,0,0,0.0.0.0,0.0.0.0,0,0,00:00:00:00:00:00,00:00:00:00:00:00,00:00:00:00:00:00,00:00:00:00:00:00,0-0-0,0-0-0,0-0-0,0-0-0,0-0-0,0-0-0,0-0-0,0-0-0,0-0-0,0-0-0,    0.000,    0.000,    0.000,192.168.60.100,0/0,1,2024-06-21 17:08:09.119
2024-06-21 20:08:15,2024-06-21 20:08:16,0.980,192.168.60.2,224.0.0.251,5353,5353,UDP,...A....,0,0,3,249,0,0,7,0,0,0,24,0,0,0,0.0.0.0,0.0.0.0,0,0,00:00:00:00:00:00,00:00:00:00:00:00,00:00:00:00:00:00,00:00:00:00:00:00,0-0-0,0-0-0,0-0-0,0-0-0,0-0-0,0-0-0,0-0-0,0-0-0,0-0-0,0-0-0,    0.000,    0.000,    0.000,192.168.60.100,0/0,1,2024-06-21 17:08:37.130
2024-06-21 20:08:15,2024-06-21 20:08:16,0.872,192.168.60.2,239.255.255.250,51648,3702,UDP,...A....,0,0,7,4445,0,0,7,0,0,0,24,0,0,0,0.0.0.0,0.0.0.0,0,0,00:00:00:00:00:00,00:00:00:00:00:00,00:00:00:00:00:00,00:00:00:00:00:00,0-0-0,0-0-0,0-0-0,0-0-0,0-0-0,0-0-0,0-0-0,0-0-0,0-0-0,0-0-0,    0.000,    0.000,    0.000,192.168.60.100,0/0,1,2024-06-21 17:08:37.130
2024-06-21 20:08:15,2024-06-21 20:08:17,1.864,192.168.60.2,224.0.0.22,0,148,IGMP,...A....,0,192,4,160,0,0,7,0,0,0,24,0,0,0,0.0.0.0,0.0.0.0,0,0,00:00:00:00:00:00,00:00:00:00:00:00,00:00:00:00:00:00,00:00:00:00:00:00,0-0-0,0-0-0,0-0-0,0-0-0,0-0-0,0-0-0,0-0-0,0-0-0,0-0-0,0-0-0,    0.000,    0.000,    0.000,192.168.60.100,0/0,1,2024-06-21 17:08:37.130
2024-06-21 20:07:29,2024-06-21 20:07:30,0.844,192.168.60.2,224.0.0.22,0,148,IGMP,...A....,0,192,2,80,0,0,7,0,0,0,24,0,0,0,0.0.0.0,0.0.0.0,0,0,00:00:00:00:00:00,00:00:00:00:00:00,00:00:00:00:00:00,00:00:00:00:00:00,0-0-0,0-0-0,0-0-0,0-0-0,0-0-0,0-0-0,0-0-0,0-0-0,0-0-0,0-0-0,    0.000,    0.000,    0.000,192.168.60.100,0/0,1,2024-06-21 17:07:57.117
2024-06-21 20:07:29,2024-06-21 20:07:34,5.388,192.168.60.2,224.0.0.251,5353,5353,UDP,...A....,0,0,13,1762,0,0,7,0,0,0,24,0,0,0,0.0.0.0,0.0.0.0,0,0,00:00:00:00:00:00,00:00:00:00:00:00,00:00:00:00:00:00,00:00:00:00:00:00,0-0-0,0-0-0,0-0-0,0-0-0,0-0-0,0-0-0,0-0-0,0-0-0,0-0-0,0-0-0,    0.000,    0.000,    0.000,192.168.60.100,0/0,1,2024-06-21 17:07:57.117
2024-06-21 13:09:26,2024-06-21 13:09:36,10.020,192.168.40.2,192.168.50.2,0,0,ICMP,...A....,0,0,9,756,0,0,5,0,0,0,24,0,0,0,0.0.0.0,0.0.0.0,0,0,00:00:00:00:00:00,00:00:00:00:00:00,00:00:00:00:00:00,00:00:00:00:00:00,0-0-0,0-0-0,0-0-0,0-0-0,0-0-0,0-0-0,0-0-0,0-0-0,0-0-0,0-0-0,    0.000,    0.000,    0.000,192.168.60.100,0/0,1,2024-06-21 10:10:04.054
2024-06-21 13:09:07,2024-06-21 13:09:12,4.064,192.168.1.34,192.168.1.195,0,0,ICMP,...A....,0,0,5,420,0,0,4,0,0,0,24,24,0,0,0.0.0.0,0.0.0.0,0,0,00:00:00:00:00:00,00:00:00:00:00:00,00:00:00:00:00:00,00:00:00:00:00:00,0-0-0,0-0-0,0-0-0,0-0-0,0-0-0,0-0-0,0-0-0,0-0-0,0-0-0,0-0-0,    0.000,    0.000,    0.000,192.168.60.100,0/0,1,2024-06-21 10:09:40.060
2024-06-21 13:09:19,2024-06-21 13:09:23,4.040,192.168.40.2,192.168.40.100,0,0,ICMP,...A....,0,0,5,420,0,0,5,0,0,0,24,24,0,0,0.0.0.0,0.0.0.0,0,0,00:00:00:00:00:00,00:00:00:00:00:00,00:00:00:00:00:00,00:00:00:00:00:00,0-0-0,0-0-0,0-0-0,0-0-0,0-0-0,0-0-0,0-0-0,0-0-0,0-0-0,0-0-0,    0.000,    0.000,    0.000,192.168.60.100,0/0,1,2024-06-21 10:09:40.060
2024-06-21 12:07:44,2024-06-21 12:07:48,4.088,192.168.40.2,192.168.60.2,0,0,ICMP,...A....,0,0,5,420,0,0,5,7,0,0,24,24,0,0,192.168.60.2,0.0.0.0,0,0,00:00:00:00:00:00,00:00:00:00:00:00,00:00:00:00:00:00,00:00:00:00:00:00,0-0-0,0-0-0,0-0-0,0-0-0,0-0-0,0-0-0,0-0-0,0-0-0,0-0-0,0-0-0,    0.000,    0.000,    0.000,192.168.60.100,0/0,1,2024-06-21 09:08:16.046
2024-06-21 12:07:44,2024-06-21 12:07:48,4.088,192.168.40.2,192.168.60.2,0,0,ICMP,...A....,0,0,5,420,0,0,5,7,0,0,24,24,0,1,192.168.60.2,0.0.0.0,0,0,00:00:00:00:00:00,00:00:00:00:00:00,00:00:00:00:00:00,00:00:00:00:00:00,0-0-0,0-0-0,0-0-0,0-0-0,0-0-0,0-0-0,0-0-0,0-0-0,0-0-0,0-0-0,    0.000,    0.000,    0.000,192.168.60.100,0/0,1,2024-06-21 09:08:16.046
2024-06-21 12:07:44,2024-06-21 12:07:49,4.080,192.168.60.2,192.168.40.2,0,0,ICMP,...A....,0,0,5,420,0,0,7,5,0,0,24,24,0,0,192.168.40.2,0.0.0.0,0,0,00:00:00:00:00:00,00:00:00:00:00:00,00:00:00:00:00:00,00:00:00:00:00:00,0-0-0,0-0-0,0-0-0,0-0-0,0-0-0,0-0-0,0-0-0,0-0-0,0-0-0,0-0-0,    0.000,    0.000,    0.000,192.168.60.100,0/0,1,2024-06-21 09:08:16.046
2024-06-21 12:07:44,2024-06-21 12:07:49,4.080,192.168.60.2,192.168.40.2,0,0,ICMP,...A....,0,0,5,420,0,0,7,5,0,0,24,24,0,1,192.168.40.2,0.0.0.0,0,0,00:00:00:00:00:00,00:00:00:00:00:00,00:00:00:00:00:00,00:00:00:00:00:00,0-0-0,0-0-0,0-0-0,0-0-0,0-0-0,0-0-0,0-0-0,0-0-0,0-0-0,0-0-0,    0.000,    0.000,    0.000,192.168.60.100,0/0,1,2024-06-21 09:08:16.046
2024-06-21 12:07:57,2024-06-21 12:08:05,8.076,192.168.40.2,192.168.1.34,0,0,ICMP,...A....,0,0,5,420,0,0,5,4,0,0,24,24,0,0,192.168.1.34,0.0.0.0,0,0,00:00:00:00:00:00,00:00:00:00:00:00,00:00:00:00:00:00,00:00:00:00:00:00,0-0-0,0-0-0,0-0-0,0-0-0,0-0-0,0-0-0,0-0-0,0-0-0,0-0-0,0-0-0,    0.000,    0.000,    0.000,192.168.60.100,0/0,1,2024-06-21 09:08:33.025
2024-06-21 12:07:57,2024-06-21 12:08:05,8.076,192.168.40.2,192.168.1.34,0,0,ICMP,...A....,0,0,5,420,0,0,5,4,0,0,24,24,0,1,192.168.1.34,0.0.0.0,0,0,00:00:00:00:00:00,00:00:00:00:00:00,00:00:00:00:00:00,00:00:00:00:00:00,0-0-0,0-0-0,0-0-0,0-0-0,0-0-0,0-0-0,0-0-0,0-0-0,0-0-0,0-0-0,    0.000,    0.000,    0.000,192.168.60.100,0/0,1,2024-06-21 09:08:33.025
2024-06-21 12:08:00,2024-06-21 12:08:12,12.004,192.168.1.34,192.168.40.2,0,0,ICMP,...A....,0,0,5,420,0,0,4,5,0,0,24,24,0,0,192.168.40.2,0.0.0.0,0,0,00:00:00:00:00:00,00:00:00:00:00:00,00:00:00:00:00:00,00:00:00:00:00:00,0-0-0,0-0-0,0-0-0,0-0-0,0-0-0,0-0-0,0-0-0,0-0-0,0-0-0,0-0-0,    0.000,    0.000,    0.000,192.168.60.100,0/0,1,2024-06-21 09:08:33.025
2024-06-21 12:08:00,2024-06-21 12:08:12,12.004,192.168.1.34,192.168.40.2,0,0,ICMP,...A....,0,0,5,420,0,0,4,5,0,0,24,24,0,1,192.168.40.2,0.0.0.0,0,0,00:00:00:00:00:00,00:00:00:00:00:00,00:00:00:00:00:00,00:00:00:00:00:00,0-0-0,0-0-0,0-0-0,0-0-0,0-0-0,0-0-0,0-0-0,0-0-0,0-0-0,0-0-0,    0.000,    0.000,    0.000,192.168.60.100,0/0,1,2024-06-21 09:08:33.025
2024-06-21 12:08:32,2024-06-21 12:08:44,12.004,192.168.40.2,192.168.50.2,0,0,ICMP,...A....,0,0,9,756,0,0,5,0,0,0,24,0,0,0,0.0.0.0,0.0.0.0,0,0,00:00:00:00:00:00,00:00:00:00:00:00,00:00:00:00:00:00,00:00:00:00:00:00,0-0-0,0-0-0,0-0-0,0-0-0,0-0-0,0-0-0,0-0-0,0-0-0,0-0-0,0-0-0,    0.000,    0.000,    0.000,192.168.60.100,0/0,1,2024-06-21 09:09:12.051
2024-06-21 12:09:03,2024-06-21 12:09:07,4.024,192.168.40.2,192.168.40.100,0,0,ICMP,...A....,0,0,5,420,0,0,5,0,0,0,24,24,0,0,0.0.0.0,0.0.0.0,0,0,00:00:00:00:00:00,00:00:00:00:00:00,00:00:00:00:00:00,00:00:00:00:00:00,0-0-0,0-0-0,0-0-0,0-0-0,0-0-0,0-0-0,0-0-0,0-0-0,0-0-0,0-0-0,    0.000,    0.000,    0.000,192.168.60.100,0/0,1,2024-06-21 09:09:35.051
2024-06-21 12:07:03,2024-06-21 12:07:07,4.104,192.168.1.34,192.168.1.195,0,0,ICMP,...A....,0,0,5,420,0,0,4,0,0,0,24,24,0,0,0.0.0.0,0.0.0.0,0,0,00:00:00:00:00:00,00:00:00:00:00:00,00:00:00:00:00:00,00:00:00:00:00:00,0-0-0,0-0-0,0-0-0,0-0-0,0-0-0,0-0-0,0-0-0,0-0-0,0-0-0,0-0-0,    0.000,    0.000,    0.000,192.168.60.100,0/0,1,2024-06-21 09:07:35.041
2024-06-21 09:15:30,2024-06-21 09:15:34,4.064,192.168.40.2,192.168.60.2,0,0,ICMP,...A....,0,0,5,420,0,0,5,7,0,0,24,24,0,0,192.168.60.2,0.0.0.0,0,0,00:00:00:00:00:00,00:00:00:00:00:00,00:00:00:00:00:00,00:00:00:00:00:00,0-0-0,0-0-0,0-0-0,0-0-0,0-0-0,0-0-0,0-0-0,0-0-0,0-0-0,0-0-0,    0.000,    0.000,    0.000,192.168.60.100,0/0,1,2024-06-21 06:16:01.424
2024-06-21 09:15:30,2024-06-21 09:15:34,4.064,192.168.40.2,192.168.60.2,0,0,ICMP,...A....,0,0,5,420,0,0,5,7,0,0,24,24,0,1,192.168.60.2,0.0.0.0,0,0,00:00:00:00:00:00,00:00:00:00:00:00,00:00:00:00:00:00,00:00:00:00:00:00,0-0-0,0-0-0,0-0-0,0-0-0,0-0-0,0-0-0,0-0-0,0-0-0,0-0-0,0-0-0,    0.000,    0.000,    0.000,192.168.60.100,0/0,1,2024-06-21 06:16:01.424
2024-06-21 09:15:30,2024-06-21 09:15:34,4.080,192.168.60.2,192.168.40.2,0,0,ICMP,...A....,0,0,5,420,0,0,7,5,0,0,24,24,0,0,192.168.40.2,0.0.0.0,0,0,00:00:00:00:00:00,00:00:00:00:00:00,00:00:00:00:00:00,00:00:00:00:00:00,0-0-0,0-0-0,0-0-0,0-0-0,0-0-0,0-0-0,0-0-0,0-0-0,0-0-0,0-0-0,    0.000,    0.000,    0.000,192.168.60.100,0/0,1,2024-06-21 06:16:01.424
2024-06-21 09:15:30,2024-06-21 09:15:34,4.080,192.168.60.2,192.168.40.2,0,0,ICMP,...A....,0,0,5,420,0,0,7,5,0,0,24,24,0,1,192.168.40.2,0.0.0.0,0,0,00:00:00:00:00:00,00:00:00:00:00:00,00:00:00:00:00:00,00:00:00:00:00:00,0-0-0,0-0-0,0-0-0,0-0-0,0-0-0,0-0-0,0-0-0,0-0-0,0-0-0,0-0-0,    0.000,    0.000,    0.000,192.168.60.100,0/0,1,2024-06-21 06:16:01.424
2024-06-21 09:15:46,2024-06-21 09:15:50,4.040,192.168.40.2,192.168.60.100,0,0,ICMP,...A....,0,0,5,420,0,0,5,0,0,0,24,24,0,0,0.0.0.0,0.0.0.0,0,0,00:00:00:00:00:00,00:00:00:00:00:00,00:00:00:00:00:00,00:00:00:00:00:00,0-0-0,0-0-0,0-0-0,0-0-0,0-0-0,0-0-0,0-0-0,0-0-0,0-0-0,0-0-0,    0.000,    0.000,    0.000,192.168.60.100,0/0,1,2024-06-21 06:16:17.429
2024-06-21 09:13:25,2024-06-21 09:13:36,11.348,192.168.1.34,192.168.1.195,0,0,ICMP,...A....,0,0,10,840,0,0,4,0,0,0,24,24,0,0,0.0.0.0,0.0.0.0,0,0,00:00:00:00:00:00,00:00:00:00:00:00,00:00:00:00:00:00,00:00:00:00:00:00,0-0-0,0-0-0,0-0-0,0-0-0,0-0-0,0-0-0,0-0-0,0-0-0,0-0-0,0-0-0,    0.000,    0.000,    0.000,192.168.60.100,0/0,1,2024-06-21 06:14:03.350
2024-06-21 09:14:43,2024-06-21 09:14:47,4.044,192.168.1.34,192.168.1.195,0,0,ICMP,...A....,0,0,5,420,0,0,4,0,0,0,24,24,0,0,0.0.0.0,0.0.0.0,0,0,00:00:00:00:00:00,00:00:00:00:00:00,00:00:00:00:00:00,00:00:00:00:00:00,0-0-0,0-0-0,0-0-0,0-0-0,0-0-0,0-0-0,0-0-0,0-0-0,0-0-0,0-0-0,    0.000,    0.000,    0.000,192.168.60.100,0/0,1,2024-06-21 06:15:14.396
2024-06-21 08:49:54,2024-06-21 08:49:54,0.256,192.168.60.2,224.0.0.22,0,148,IGMP,...A....,0,192,2,80,0,0,7,0,0,0,24,0,0,0,0.0.0.0,0.0.0.0,0,0,00:00:00:00:00:00,00:00:00:00:00:00,00:00:00:00:00:00,00:00:00:00:00:00,0-0-0,0-0-0,0-0-0,0-0-0,0-0-0,0-0-0,0-0-0,0-0-0,0-0-0,0-0-0,    0.000,    0.000,    0.000,192.168.60.100,0/0,1,2024-06-21 05:50:20.643
2024-06-21 08:49:54,2024-06-21 08:49:58,4.088,192.168.60.2,224.0.0.251,5353,5353,UDP,...A....,0,0,6,1356,0,0,7,0,0,0,24,0,0,0,0.0.0.0,0.0.0.0,0,0,00:00:00:00:00:00,00:00:00:00:00:00,00:00:00:00:00:00,00:00:00:00:00:00,0-0-0,0-0-0,0-0-0,0-0-0,0-0-0,0-0-0,0-0-0,0-0-0,0-0-0,0-0-0,    0.000,    0.000,    0.000,192.168.60.100,0/0,1,2024-06-21 05:50:20.643
2024-06-21 08:50:15,2024-06-21 08:50:15,0.000,192.168.60.2,192.168.60.100,36458,53,UDP,...A....,0,0,1,73,0,0,7,0,0,0,24,24,0,0,0.0.0.0,0.0.0.0,0,0,00:00:00:00:00:00,00:00:00:00:00:00,00:00:00:00:00:00,00:00:00:00:00:00,0-0-0,0-0-0,0-0-0,0-0-0,0-0-0,0-0-0,0-0-0,0-0-0,0-0-0,0-0-0,    0.000,    0.000,    0.000,192.168.60.100,0/0,1,2024-06-21 05:50:38.648
2024-06-21 08:50:45,2024-06-21 08:50:45,0.456,192.168.60.2,224.0.0.251,5353,5353,UDP,...A....,0,0,2,182,0,0,7,0,0,0,24,0,0,0,0.0.0.0,0.0.0.0,0,0,00:00:00:00:00:00,00:00:00:00:00:00,00:00:00:00:00:00,00:00:00:00:00:00,0-0-0,0-0-0,0-0-0,0-0-0,0-0-0,0-0-0,0-0-0,0-0-0,0-0-0,0-0-0,    0.000,    0.000,    0.000,192.168.60.100,0/0,1,2024-06-21 05:51:07.678
2024-06-21 08:50:45,2024-06-21 08:50:45,0.000,192.168.60.2,239.255.255.250,50132,3702,UDP,...A....,0,0,1,635,0,0,7,0,0,0,24,0,0,0,0.0.0.0,0.0.0.0,0,0,00:00:00:00:00:00,00:00:00:00:00:00,00:00:00:00:00:00,00:00:00:00:00:00,0-0-0,0-0-0,0-0-0,0-0-0,0-0-0,0-0-0,0-0-0,0-0-0,0-0-0,0-0-0,    0.000,    0.000,    0.000,192.168.60.100,0/0,1,2024-06-21 05:51:07.678
2024-06-21 08:50:45,2024-06-21 08:50:46,1.124,192.168.60.2,224.0.0.22,0,148,IGMP,...A....,0,192,3,120,0,0,7,0,0,0,24,0,0,0,0.0.0.0,0.0.0.0,0,0,00:00:00:00:00:00,00:00:00:00:00:00,00:00:00:00:00:00,00:00:00:00:00:00,0-0-0,0-0-0,0-0-0,0-0-0,0-0-0,0-0-0,0-0-0,0-0-0,0-0-0,0-0-0,    0.000,    0.000,    0.000,192.168.60.100,0/0,1,2024-06-21 05:51:07.678
2024-06-17 22:01:46,2024-06-17 22:01:57,10.948,192.168.1.34,192.168.1.195,0,0,ICMP,...A....,0,0,10,840,0,0,4,0,0,0,24,24,0,0,0.0.0.0,0.0.0.0,0,0,00:00:00:00:00:00,00:00:00:00:00:00,00:00:00:00:00:00,00:00:00:00:00:00,0-0-0,0-0-0,0-0-0,0-0-0,0-0-0,0-0-0,0-0-0,0-0-0,0-0-0,0-0-0,    0.000,    0.000,    0.000,192.168.60.100,0/0,1,2024-06-17 19:02:24.885
2024-06-17 21:47:42,2024-06-17 21:47:50,8.008,192.168.40.2,192.168.1.34,0,0,ICMP,...A....,0,0,5,420,0,0,5,4,0,0,24,24,0,1,192.168.1.34,0.0.0.0,0,0,00:00:00:00:00:00,00:00:00:00:00:00,00:00:00:00:00:00,00:00:00:00:00:00,0-0-0,0-0-0,0-0-0,0-0-0,0-0-0,0-0-0,0-0-0,0-0-0,0-0-0,0-0-0,    0.000,    0.000,    0.000,192.168.60.100,0/0,1,2024-06-17 18:48:08.876
2024-06-17 21:47:42,2024-06-17 21:47:50,8.008,192.168.40.2,192.168.1.34,0,0,ICMP,...A....,0,0,5,420,0,0,5,4,0,0,24,24,0,0,192.168.1.34,0.0.0.0,0,0,00:00:00:00:00:00,00:00:00:00:00:00,00:00:00:00:00:00,00:00:00:00:00:00,0-0-0,0-0-0,0-0-0,0-0-0,0-0-0,0-0-0,0-0-0,0-0-0,0-0-0,0-0-0,    0.000,    0.000,    0.000,192.168.60.100,0/0,1,2024-06-17 18:48:08.876
2024-06-17 21:47:45,2024-06-17 21:47:57,12.008,192.168.1.34,192.168.40.2,0,0,ICMP,...A....,0,0,5,420,0,0,4,5,0,0,24,24,0,0,192.168.40.2,0.0.0.0,0,0,00:00:00:00:00:00,00:00:00:00:00:00,00:00:00:00:00:00,00:00:00:00:00:00,0-0-0,0-0-0,0-0-0,0-0-0,0-0-0,0-0-0,0-0-0,0-0-0,0-0-0,0-0-0,    0.000,    0.000,    0.000,192.168.60.100,0/0,1,2024-06-17 18:48:16.873
2024-06-17 21:47:45,2024-06-17 21:47:57,12.008,192.168.1.34,192.168.40.2,0,0,ICMP,...A....,0,0,5,420,0,0,4,5,0,0,24,24,0,1,192.168.40.2,0.0.0.0,0,0,00:00:00:00:00:00,00:00:00:00:00:00,00:00:00:00:00:00,00:00:00:00:00:00,0-0-0,0-0-0,0-0-0,0-0-0,0-0-0,0-0-0,0-0-0,0-0-0,0-0-0,0-0-0,    0.000,    0.000,    0.000,192.168.60.100,0/0,1,2024-06-17 18:48:16.873
2024-06-17 21:47:56,2024-06-17 21:48:00,4.048,192.168.40.2,192.168.1.195,0,0,ICMP,...A....,0,0,5,420,0,0,5,0,0,0,24,24,0,0,0.0.0.0,0.0.0.0,0,0,00:00:00:00:00:00,00:00:00:00:00:00,00:00:00:00:00:00,00:00:00:00:00:00,0-0-0,0-0-0,0-0-0,0-0-0,0-0-0,0-0-0,0-0-0,0-0-0,0-0-0,0-0-0,    0.000,    0.000,    0.000,192.168.60.100,0/0,1,2024-06-17 18:48:26.882
2024-06-17 21:47:28,2024-06-17 21:47:32,4.072,192.168.40.2,192.168.60.2,0,0,ICMP,...A....,0,0,5,420,0,0,5,7,0,0,24,24,0,0,192.168.60.2,0.0.0.0,0,0,00:00:00:00:00:00,00:00:00:00:00:00,00:00:00:00:00:00,00:00:00:00:00:00,0-0-0,0-0-0,0-0-0,0-0-0,0-0-0,0-0-0,0-0-0,0-0-0,0-0-0,0-0-0,    0.000,    0.000,    0.000,192.168.60.100,0/0,1,2024-06-17 18:47:53.888
2024-06-17 21:47:28,2024-06-17 21:47:32,4.072,192.168.40.2,192.168.60.2,0,0,ICMP,...A....,0,0,5,420,0,0,5,7,0,0,24,24,0,1,192.168.60.2,0.0.0.0,0,0,00:00:00:00:00:00,00:00:00:00:00:00,00:00:00:00:00:00,00:00:00:00:00:00,0-0-0,0-0-0,0-0-0,0-0-0,0-0-0,0-0-0,0-0-0,0-0-0,0-0-0,0-0-0,    0.000,    0.000,    0.000,192.168.60.100,0/0,1,2024-06-17 18:47:53.888
2024-06-17 21:47:28,2024-06-17 21:47:32,4.080,192.168.60.2,192.168.40.2,0,0,ICMP,...A....,0,0,5,420,0,0,7,5,0,0,24,24,0,0,192.168.40.2,0.0.0.0,0,0,00:00:00:00:00:00,00:00:00:00:00:00,00:00:00:00:00:00,00:00:00:00:00:00,0-0-0,0-0-0,0-0-0,0-0-0,0-0-0,0-0-0,0-0-0,0-0-0,0-0-0,0-0-0,    0.000,    0.000,    0.000,192.168.60.100,0/0,1,2024-06-17 18:47:53.888
2024-06-17 21:47:28,2024-06-17 21:47:32,4.080,192.168.60.2,192.168.40.2,0,0,ICMP,...A....,0,0,5,420,0,0,7,5,0,0,24,24,0,1,192.168.40.2,0.0.0.0,0,0,00:00:00:00:00:00,00:00:00:00:00:00,00:00:00:00:00:00,00:00:00:00:00:00,0-0-0,0-0-0,0-0-0,0-0-0,0-0-0,0-0-0,0-0-0,0-0-0,0-0-0,0-0-0,    0.000,    0.000,    0.000,192.168.60.100,0/0,1,2024-06-17 18:47:53.888
2024-06-17 21:45:24,2024-06-17 21:45:29,5.036,192.168.1.34,192.168.1.195,0,0,ICMP,...A....,0,0,5,420,0,0,4,0,0,0,24,24,0,0,0.0.0.0,0.0.0.0,0,0,00:00:00:00:00:00,00:00:00:00:00:00,00:00:00:00:00:00,00:00:00:00:00:00,0-0-0,0-0-0,0-0-0,0-0-0,0-0-0,0-0-0,0-0-0,0-0-0,0-0-0,0-0-0,    0.000,    0.000,    0.000,192.168.60.100,0/0,1,2024-06-17 18:45:48.882
2024-06-13 18:03:21,2024-06-13 18:03:21,0.000,192.168.60.2,224.0.0.251,5353,5353,UDP,...A....,0,0,1,146,0,0,7,0,0,0,24,0,0,0,0.0.0.0,0.0.0.0,0,0,00:00:00:00:00:00,00:00:00:00:00:00,00:00:00:00:00:00,00:00:00:00:00:00,0-0-0,0-0-0,0-0-0,0-0-0,0-0-0,0-0-0,0-0-0,0-0-0,0-0-0,0-0-0,    0.000,    0.000,    0.000,192.168.60.100,0/0,1,2024-06-13 15:03:49.740
2024-06-13 16:29:13,2024-06-13 16:29:13,0.000,192.168.60.2,224.0.0.251,5353,5353,UDP,...A....,0,0,1,146,0,0,7,0,0,0,24,0,0,0,0.0.0.0,0.0.0.0,0,0,00:00:00:00:00:00,00:00:00:00:00:00,00:00:00:00:00:00,00:00:00:00:00:00,0-0-0,0-0-0,0-0-0,0-0-0,0-0-0,0-0-0,0-0-0,0-0-0,0-0-0,0-0-0,    0.000,    0.000,    0.000,192.168.60.100,0/0,1,2024-06-13 13:29:41.750
2024-06-13 16:12:09,2024-06-13 16:12:09,0.000,192.168.60.2,224.0.0.251,5353,5353,UDP,...A....,0,0,1,146,0,0,7,0,0,0,24,0,0,0,0.0.0.0,0.0.0.0,0,0,00:00:00:00:00:00,00:00:00:00:00:00,00:00:00:00:00:00,00:00:00:00:00:00,0-0-0,0-0-0,0-0-0,0-0-0,0-0-0,0-0-0,0-0-0,0-0-0,0-0-0,0-0-0,    0.000,    0.000,    0.000,192.168.60.100,0/0,1,2024-06-13 13:12:37.733
2024-06-13 16:03:37,2024-06-13 16:03:37,0.000,192.168.60.2,224.0.0.251,5353,5353,UDP,...A....,0,0,1,146,0,0,7,0,0,0,24,0,0,0,0.0.0.0,0.0.0.0,0,0,00:00:00:00:00:00,00:00:00:00:00:00,00:00:00:00:00:00,00:00:00:00:00:00,0-0-0,0-0-0,0-0-0,0-0-0,0-0-0,0-0-0,0-0-0,0-0-0,0-0-0,0-0-0,    0.000,    0.000,    0.000,192.168.60.100,0/0,1,2024-06-13 13:04:05.746
2024-06-13 15:55:04,2024-06-13 15:55:04,0.000,192.168.60.2,192.168.60.255,39486,137,UDP,...A....,0,0,1,78,0,0,7,0,0,0,24,24,0,0,0.0.0.0,0.0.0.0,0,0,00:00:00:00:00:00,00:00:00:00:00:00,00:00:00:00:00:00,00:00:00:00:00:00,0-0-0,0-0-0,0-0-0,0-0-0,0-0-0,0-0-0,0-0-0,0-0-0,0-0-0,0-0-0,    0.000,    0.000,    0.000,192.168.60.100,0/0,1,2024-06-13 12:55:32.856
2024-06-13 15:55:04,2024-06-13 15:55:04,0.000,192.168.60.2,192.168.60.255,57949,137,UDP,...A....,0,0,1,78,0,0,7,0,0,0,24,24,0,0,0.0.0.0,0.0.0.0,0,0,00:00:00:00:00:00,00:00:00:00:00:00,00:00:00:00:00:00,00:00:00:00:00:00,0-0-0,0-0-0,0-0-0,0-0-0,0-0-0,0-0-0,0-0-0,0-0-0,0-0-0,0-0-0,    0.000,    0.000,    0.000,192.168.60.100,0/0,1,2024-06-13 12:55:32.856
2024-06-13 15:55:05,2024-06-13 15:55:05,0.000,192.168.60.2,192.168.60.255,43562,137,UDP,...A....,0,0,1,78,0,0,7,0,0,0,24,24,0,0,0.0.0.0,0.0.0.0,0,0,00:00:00:00:00:00,00:00:00:00:00:00,00:00:00:00:00:00,00:00:00:00:00:00,0-0-0,0-0-0,0-0-0,0-0-0,0-0-0,0-0-0,0-0-0,0-0-0,0-0-0,0-0-0,    0.000,    0.000,    0.000,192.168.60.100,0/0,1,2024-06-13 12:55:32.856
2024-06-13 15:55:05,2024-06-13 15:55:20,15.020,192.168.60.2,224.0.0.251,5353,5353,UDP,...A....,0,0,5,730,0,0,7,0,0,0,24,0,0,0,0.0.0.0,0.0.0.0,0,0,00:00:00:00:00:00,00:00:00:00:00:00,00:00:00:00:00:00,00:00:00:00:00:00,0-0-0,0-0-0,0-0-0,0-0-0,0-0-0,0-0-0,0-0-0,0-0-0,0-0-0,0-0-0,    0.000,    0.000,    0.000,192.168.60.100,0/0,1,2024-06-13 12:55:48.737
2024-06-13 15:55:36,2024-06-13 15:55:36,0.000,192.168.60.2,224.0.0.251,5353,5353,UDP,...A....,0,0,1,146,0,0,7,0,0,0,24,0,0,0,0.0.0.0,0.0.0.0,0,0,00:00:00:00:00:00,00:00:00:00:00:00,00:00:00:00:00:00,00:00:00:00:00:00,0-0-0,0-0-0,0-0-0,0-0-0,0-0-0,0-0-0,0-0-0,0-0-0,0-0-0,0-0-0,    0.000,    0.000,    0.000,192.168.60.100,0/0,1,2024-06-13 12:56:04.736
2024-06-13 15:56:08,2024-06-13 15:56:08,0.000,192.168.60.2,224.0.0.251,5353,5353,UDP,...A....,0,0,1,146,0,0,7,0,0,0,24,0,0,0,0.0.0.0,0.0.0.0,0,0,00:00:00:00:00:00,00:00:00:00:00:00,00:00:00:00:00:00,00:00:00:00:00:00,0-0-0,0-0-0,0-0-0,0-0-0,0-0-0,0-0-0,0-0-0,0-0-0,0-0-0,0-0-0,    0.000,    0.000,    0.000,192.168.60.100,0/0,1,2024-06-13 12:56:36.736
2024-06-13 15:57:12,2024-06-13 15:57:12,0.000,192.168.60.2,224.0.0.251,5353,5353,UDP,...A....,0,0,1,146,0,0,7,0,0,0,24,0,0,0,0.0.0.0,0.0.0.0,0,0,00:00:00:00:00:00,00:00:00:00:00:00,00:00:00:00:00:00,00:00:00:00:00:00,0-0-0,0-0-0,0-0-0,0-0-0,0-0-0,0-0-0,0-0-0,0-0-0,0-0-0,0-0-0,    0.000,    0.000,    0.000,192.168.60.100,0/0,1,2024-06-13 12:57:39.744
2024-06-13 15:59:21,2024-06-13 15:59:21,0.000,192.168.60.2,224.0.0.251,5353,5353,UDP,...A....,0,0,1,146,0,0,7,0,0,0,24,0,0,0,0.0.0.0,0.0.0.0,0,0,00:00:00:00:00:00,00:00:00:00:00:00,00:00:00:00:00:00,00:00:00:00:00:00,0-0-0,0-0-0,0-0-0,0-0-0,0-0-0,0-0-0,0-0-0,0-0-0,0-0-0,0-0-0,    0.000,    0.000,    0.000,192.168.60.100,0/0,1,2024-06-13 12:59:49.755
2024-06-13 13:29:38,2024-06-13 13:29:39,1.160,192.168.60.2,224.0.0.22,0,148,IGMP,...A....,0,192,3,120,0,0,7,0,0,0,24,0,0,0,0.0.0.0,0.0.0.0,0,0,00:00:00:00:00:00,00:00:00:00:00:00,00:00:00:00:00:00,00:00:00:00:00:00,0-0-0,0-0-0,0-0-0,0-0-0,0-0-0,0-0-0,0-0-0,0-0-0,0-0-0,0-0-0,    0.000,    0.000,    0.000,192.168.60.100,0/0,1,2024-06-13 10:30:06.009
2024-06-13 13:28:40,2024-06-13 13:28:41,0.896,192.168.60.2,224.0.0.22,0,148,IGMP,...A....,0,192,2,80,0,0,7,0,0,0,24,0,0,0,0.0.0.0,0.0.0.0,0,0,00:00:00:00:00:00,00:00:00:00:00:00,00:00:00:00:00:00,00:00:00:00:00:00,0-0-0,0-0-0,0-0-0,0-0-0,0-0-0,0-0-0,0-0-0,0-0-0,0-0-0,0-0-0,    0.000,    0.000,    0.000,192.168.60.100,0/0,1,2024-06-13 10:29:07.998
2024-06-13 13:28:40,2024-06-13 13:28:44,3.796,192.168.60.2,224.0.0.251,5353,5353,UDP,...A....,0,0,6,1356,0,0,7,0,0,0,24,0,0,0,0.0.0.0,0.0.0.0,0,0,00:00:00:00:00:00,00:00:00:00:00:00,00:00:00:00:00:00,00:00:00:00:00:00,0-0-0,0-0-0,0-0-0,0-0-0,0-0-0,0-0-0,0-0-0,0-0-0,0-0-0,0-0-0,    0.000,    0.000,    0.000,192.168.60.100,0/0,1,2024-06-13 10:29:07.998
2024-06-13 13:28:58,2024-06-13 13:28:58,0.000,192.168.60.2,192.168.60.100,59230,53,UDP,...A....,0,0,1,73,0,0,7,0,0,0,24,24,0,0,0.0.0.0,0.0.0.0,0,0,00:00:00:00:00:00,00:00:00:00:00:00,00:00:00:00:00:00,00:00:00:00:00:00,0-0-0,0-0-0,0-0-0,0-0-0,0-0-0,0-0-0,0-0-0,0-0-0,0-0-0,0-0-0,    0.000,    0.000,    0.000,192.168.60.100,0/0,1,2024-06-13 10:29:21.999
2024-06-13 13:29:38,2024-06-13 13:29:38,0.244,192.168.60.2,239.255.255.250,53308,3702,UDP,...A....,0,0,2,1270,0,0,7,0,0,0,24,0,0,0,0.0.0.0,0.0.0.0,0,0,00:00:00:00:00:00,00:00:00:00:00:00,00:00:00:00:00:00,00:00:00:00:00:00,0-0-0,0-0-0,0-0-0,0-0-0,0-0-0,0-0-0,0-0-0,0-0-0,0-0-0,0-0-0,    0.000,    0.000,    0.000,192.168.60.100,0/0,1,2024-06-13 10:29:54.004
2024-06-13 13:29:38,2024-06-13 13:29:38,0.000,192.168.60.2,224.0.0.251,5353,5353,UDP,...A....,0,0,1,132,0,0,7,0,0,0,24,0,0,0,0.0.0.0,0.0.0.0,0,0,00:00:00:00:00:00,00:00:00:00:00:00,00:00:00:00:00:00,00:00:00:00:00:00,0-0-0,0-0-0,0-0-0,0-0-0,0-0-0,0-0-0,0-0-0,0-0-0,0-0-0,0-0-0,    0.000,    0.000,    0.000,192.168.60.100,0/0,1,2024-06-13 10:29:54.004
2024-06-13 10:59:35,2024-06-13 10:59:35,0.456,192.168.60.2,224.0.0.22,0,148,IGMP,...A....,0,192,2,80,0,0,7,0,0,0,24,0,0,0,0.0.0.0,0.0.0.0,0,0,00:00:00:00:00:00,00:00:00:00:00:00,00:00:00:00:00:00,00:00:00:00:00:00,0-0-0,0-0-0,0-0-0,0-0-0,0-0-0,0-0-0,0-0-0,0-0-0,0-0-0,0-0-0,    0.000,    0.000,    0.000,192.168.60.100,0/0,1,2024-06-13 08:00:01.773
2024-06-13 10:59:35,2024-06-13 10:59:39,4.192,192.168.60.2,224.0.0.251,5353,5353,UDP,...A....,0,0,6,1356,0,0,7,0,0,0,24,0,0,0,0.0.0.0,0.0.0.0,0,0,00:00:00:00:00:00,00:00:00:00:00:00,00:00:00:00:00:00,00:00:00:00:00:00,0-0-0,0-0-0,0-0-0,0-0-0,0-0-0,0-0-0,0-0-0,0-0-0,0-0-0,0-0-0,    0.000,    0.000,    0.000,192.168.60.100,0/0,1,2024-06-13 08:00:01.773
2024-06-13 10:59:52,2024-06-13 10:59:52,0.000,192.168.60.2,192.168.60.100,33571,53,UDP,...A....,0,0,1,73,0,0,7,0,0,0,24,24,0,0,0.0.0.0,0.0.0.0,0,0,00:00:00:00:00:00,00:00:00:00:00:00,00:00:00:00:00:00,00:00:00:00:00:00,0-0-0,0-0-0,0-0-0,0-0-0,0-0-0,0-0-0,0-0-0,0-0-0,0-0-0,0-0-0,    0.000,    0.000,    0.000,192.168.60.100,0/0,1,2024-06-13 08:00:15.781
2024-06-13 11:00:15,2024-06-13 11:00:15,0.000,192.168.60.2,224.0.0.251,5353,5353,UDP,...A....,0,0,1,132,0,0,7,0,0,0,24,0,0,0,0.0.0.0,0.0.0.0,0,0,00:00:00:00:00:00,00:00:00:00:00:00,00:00:00:00:00:00,00:00:00:00:00:00,0-0-0,0-0-0,0-0-0,0-0-0,0-0-0,0-0-0,0-0-0,0-0-0,0-0-0,0-0-0,    0.000,    0.000,    0.000,192.168.60.100,0/0,1,2024-06-13 08:00:41.808
2024-06-13 11:00:15,2024-06-13 11:00:16,0.112,192.168.60.2,239.255.255.250,55397,3702,UDP,...A....,0,0,2,1270,0,0,7,0,0,0,24,0,0,0,0.0.0.0,0.0.0.0,0,0,00:00:00:00:00:00,00:00:00:00:00:00,00:00:00:00:00:00,00:00:00:00:00:00,0-0-0,0-0-0,0-0-0,0-0-0,0-0-0,0-0-0,0-0-0,0-0-0,0-0-0,0-0-0,    0.000,    0.000,    0.000,192.168.60.100,0/0,1,2024-06-13 08:00:41.808
2024-06-13 11:00:15,2024-06-13 11:00:16,0.884,192.168.60.2,224.0.0.22,0,148,IGMP,...A....,0,192,3,120,0,0,7,0,0,0,24,0,0,0,0.0.0.0,0.0.0.0,0,0,00:00:00:00:00:00,00:00:00:00:00:00,00:00:00:00:00:00,00:00:00:00:00:00,0-0-0,0-0-0,0-0-0,0-0-0,0-0-0,0-0-0,0-0-0,0-0-0,0-0-0,0-0-0,    0.000,    0.000,    0.000,192.168.60.100,0/0,1,2024-06-13 08:00:41.808
2024-06-10 15:37:42,2024-06-10 15:37:46,4.196,192.168.40.2,192.168.60.2,0,0,ICMP,...A....,0,0,5,420,0,0,5,7,0,0,24,24,0,0,192.168.60.2,0.0.0.0,0,0,00:00:00:00:00:00,00:00:00:00:00:00,00:00:00:00:00:00,00:00:00:00:00:00,0-0-0,0-0-0,0-0-0,0-0-0,0-0-0,0-0-0,0-0-0,0-0-0,0-0-0,0-0-0,    0.000,    0.000,    0.000,192.168.60.100,0/0,1,2024-06-10 14:37:16.695
2024-06-10 15:37:42,2024-06-10 15:37:46,4.196,192.168.40.2,192.168.60.2,0,0,ICMP,...A....,0,0,5,420,0,0,5,7,0,0,24,24,0,1,192.168.60.2,0.0.0.0,0,0,00:00:00:00:00:00,00:00:00:00:00:00,00:00:00:00:00:00,00:00:00:00:00:00,0-0-0,0-0-0,0-0-0,0-0-0,0-0-0,0-0-0,0-0-0,0-0-0,0-0-0,0-0-0,    0.000,    0.000,    0.000,192.168.60.100,0/0,1,2024-06-10 14:37:16.695
2024-06-10 15:37:42,2024-06-10 15:37:46,4.120,192.168.60.2,192.168.40.2,0,0,ICMP,...A....,0,0,5,420,0,0,7,5,0,0,24,24,0,0,192.168.40.2,0.0.0.0,0,0,00:00:00:00:00:00,00:00:00:00:00:00,00:00:00:00:00:00,00:00:00:00:00:00,0-0-0,0-0-0,0-0-0,0-0-0,0-0-0,0-0-0,0-0-0,0-0-0,0-0-0,0-0-0,    0.000,    0.000,    0.000,192.168.60.100,0/0,1,2024-06-10 14:37:16.695
2024-06-10 15:37:42,2024-06-10 15:37:46,4.120,192.168.60.2,192.168.40.2,0,0,ICMP,...A....,0,0,5,420,0,0,7,5,0,0,24,24,0,1,192.168.40.2,0.0.0.0,0,0,00:00:00:00:00:00,00:00:00:00:00:00,00:00:00:00:00:00,00:00:00:00:00:00,0-0-0,0-0-0,0-0-0,0-0-0,0-0-0,0-0-0,0-0-0,0-0-0,0-0-0,0-0-0,    0.000,    0.000,    0.000,192.168.60.100,0/0,1,2024-06-10 14:37:16.695
2024-06-10 15:37:25,2024-06-10 15:37:30,5.104,192.168.40.2,192.168.1.195,0,0,ICMP,...A....,0,0,5,420,0,0,5,0,0,0,24,24,0,0,0.0.0.0,0.0.0.0,0,0,00:00:00:00:00:00,00:00:00:00:00:00,00:00:00:00:00:00,00:00:00:00:00:00,0-0-0,0-0-0,0-0-0,0-0-0,0-0-0,0-0-0,0-0-0,0-0-0,0-0-0,0-0-0,    0.000,    0.000,    0.000,192.168.60.100,0/0,1,2024-06-10 14:37:00.711
2024-06-10 15:36:53,2024-06-10 15:36:57,4.044,192.168.1.34,192.168.1.195,0,0,ICMP,...A....,0,0,5,420,0,0,4,0,0,0,24,24,0,0,0.0.0.0,0.0.0.0,0,0,00:00:00:00:00:00,00:00:00:00:00:00,00:00:00:00:00:00,00:00:00:00:00:00,0-0-0,0-0-0,0-0-0,0-0-0,0-0-0,0-0-0,0-0-0,0-0-0,0-0-0,0-0-0,    0.000,    0.000,    0.000,192.168.60.100,0/0,1,2024-06-10 14:36:27.683
2024-06-10 15:35:59,2024-06-10 15:35:59,0.040,192.168.1.34,192.168.1.195,0,0,ICMP,...A....,0,0,5,500,0,0,4,0,0,0,24,24,0,0,0.0.0.0,0.0.0.0,0,0,00:00:00:00:00:00,00:00:00:00:00:00,00:00:00:00:00:00,00:00:00:00:00:00,0-0-0,0-0-0,0-0-0,0-0-0,0-0-0,0-0-0,0-0-0,0-0-0,0-0-0,0-0-0,    0.000,    0.000,    0.000,192.168.60.100,0/0,1,2024-06-10 14:35:29.697
2024-06-10 15:24:00,2024-06-10 15:24:04,4.020,192.168.1.34,192.168.1.195,0,0,ICMP,...A....,0,0,5,420,0,0,4,0,0,0,24,24,0,0,0.0.0.0,0.0.0.0,0,0,00:00:00:00:00:00,00:00:00:00:00:00,00:00:00:00:00:00,00:00:00:00:00:00,0-0-0,0-0-0,0-0-0,0-0-0,0-0-0,0-0-0,0-0-0,0-0-0,0-0-0,0-0-0,    0.000,    0.000,    0.000,192.168.60.100,0/0,1,2024-06-10 14:23:34.692
2024-06-10 15:24:12,2024-06-10 15:24:12,0.040,192.168.1.34,192.168.1.195,0,0,ICMP,...A....,0,0,5,500,0,0,4,0,0,0,24,24,0,0,0.0.0.0,0.0.0.0,0,0,00:00:00:00:00:00,00:00:00:00:00:00,00:00:00:00:00:00,00:00:00:00:00:00,0-0-0,0-0-0,0-0-0,0-0-0,0-0-0,0-0-0,0-0-0,0-0-0,0-0-0,0-0-0,    0.000,    0.000,    0.000,192.168.60.100,0/0,1,2024-06-10 14:23:34.692
2024-06-10 15:15:28,2024-06-10 15:15:32,4.336,192.168.1.34,192.168.1.195,0,0,ICMP,...A....,0,0,5,420,0,0,4,0,0,0,24,24,0,0,0.0.0.0,0.0.0.0,0,0,00:00:00:00:00:00,00:00:00:00:00:00,00:00:00:00:00:00,00:00:00:00:00:00,0-0-0,0-0-0,0-0-0,0-0-0,0-0-0,0-0-0,0-0-0,0-0-0,0-0-0,0-0-0,    0.000,    0.000,    0.000,192.168.60.100,0/0,1,2024-06-10 14:15:02.681
2024-06-10 15:15:37,2024-06-10 15:15:38,0.376,192.168.1.34,192.168.1.195,0,0,ICMP,...A....,0,0,5,500,0,0,4,0,0,0,24,24,0,0,0.0.0.0,0.0.0.0,0,0,00:00:00:00:00:00,00:00:00:00:00:00,00:00:00:00:00:00,00:00:00:00:00:00,0-0-0,0-0-0,0-0-0,0-0-0,0-0-0,0-0-0,0-0-0,0-0-0,0-0-0,0-0-0,    0.000,    0.000,    0.000,192.168.60.100,0/0,1,2024-06-10 14:15:02.681
2024-06-10 13:57:42,2024-06-10 13:57:44,1.920,192.168.1.34,192.168.1.195,0,0,ICMP,...A....,0,0,10,1000,0,0,4,0,0,0,24,24,0,0,0.0.0.0,0.0.0.0,0,0,00:00:00:00:00:00,00:00:00:00:00:00,00:00:00:00:00:00,00:00:00:00:00:00,0-0-0,0-0-0,0-0-0,0-0-0,0-0-0,0-0-0,0-0-0,0-0-0,0-0-0,0-0-0,    0.000,    0.000,    0.000,192.168.60.100,0/0,1,2024-06-10 10:58:11.800
2024-06-10 13:58:01,2024-06-10 13:58:19,17.220,192.168.1.34,192.168.1.195,0,0,ICMP,...A....,0,0,15,1260,0,0,4,0,0,0,24,24,0,0,0.0.0.0,0.0.0.0,0,0,00:00:00:00:00:00,00:00:00:00:00:00,00:00:00:00:00:00,00:00:00:00:00:00,0-0-0,0-0-0,0-0-0,0-0-0,0-0-0,0-0-0,0-0-0,0-0-0,0-0-0,0-0-0,    0.000,    0.000,    0.000,192.168.60.100,0/0,1,2024-06-10 10:58:45.808
2024-06-10 13:37:30,2024-06-10 13:37:30,0.372,192.168.60.2,224.0.0.22,0,148,IGMP,...A....,0,192,2,80,0,0,7,0,0,0,24,0,0,0,0.0.0.0,0.0.0.0,0,0,00:00:00:00:00:00,00:00:00:00:00:00,00:00:00:00:00:00,00:00:00:00:00:00,0-0-0,0-0-0,0-0-0,0-0-0,0-0-0,0-0-0,0-0-0,0-0-0,0-0-0,0-0-0,    0.000,    0.000,    0.000,192.168.60.100,0/0,1,2024-06-10 10:37:57.254
2024-06-10 13:37:30,2024-06-10 13:37:34,3.884,192.168.60.2,224.0.0.251,5353,5353,UDP,...A....,0,0,6,1356,0,0,7,0,0,0,24,0,0,0,0.0.0.0,0.0.0.0,0,0,00:00:00:00:00:00,00:00:00:00:00:00,00:00:00:00:00:00,00:00:00:00:00:00,0-0-0,0-0-0,0-0-0,0-0-0,0-0-0,0-0-0,0-0-0,0-0-0,0-0-0,0-0-0,    0.000,    0.000,    0.000,192.168.60.100,0/0,1,2024-06-10 10:37:57.254
2024-06-10 13:37:50,2024-06-10 13:37:50,0.000,192.168.60.2,192.168.60.100,35982,53,UDP,...A....,0,0,1,73,0,0,7,0,0,0,24,24,0,0,0.0.0.0,0.0.0.0,0,0,00:00:00:00:00:00,00:00:00:00:00:00,00:00:00:00:00:00,00:00:00:00:00:00,0-0-0,0-0-0,0-0-0,0-0-0,0-0-0,0-0-0,0-0-0,0-0-0,0-0-0,0-0-0,    0.000,    0.000,    0.000,192.168.60.100,0/0,1,2024-06-10 10:38:14.277
2024-06-10 13:38:19,2024-06-10 13:38:19,0.148,192.168.60.2,224.0.0.251,5353,5353,UDP,...A....,0,0,2,182,0,0,7,0,0,0,24,0,0,0,0.0.0.0,0.0.0.0,0,0,00:00:00:00:00:00,00:00:00:00:00:00,00:00:00:00:00:00,00:00:00:00:00:00,0-0-0,0-0-0,0-0-0,0-0-0,0-0-0,0-0-0,0-0-0,0-0-0,0-0-0,0-0-0,    0.000,    0.000,    0.000,192.168.60.100,0/0,1,2024-06-10 10:38:40.293
2024-06-10 13:38:19,2024-06-10 13:38:19,0.212,192.168.60.2,239.255.255.250,40570,3702,UDP,...A....,0,0,2,1270,0,0,7,0,0,0,24,0,0,0,0.0.0.0,0.0.0.0,0,0,00:00:00:00:00:00,00:00:00:00:00:00,00:00:00:00:00:00,00:00:00:00:00:00,0-0-0,0-0-0,0-0-0,0-0-0,0-0-0,0-0-0,0-0-0,0-0-0,0-0-0,0-0-0,    0.000,    0.000,    0.000,192.168.60.100,0/0,1,2024-06-10 10:38:40.293
2024-06-10 13:38:19,2024-06-10 13:38:20,0.832,192.168.60.2,224.0.0.22,0,148,IGMP,...A....,0,192,4,160,0,0,7,0,0,0,24,0,0,0,0.0.0.0,0.0.0.0,0,0,00:00:00:00:00:00,00:00:00:00:00:00,00:00:00:00:00:00,00:00:00:00:00:00,0-0-0,0-0-0,0-0-0,0-0-0,0-0-0,0-0-0,0-0-0,0-0-0,0-0-0,0-0-0,    0.000,    0.000,    0.000,192.168.60.100,0/0,1,2024-06-10 10:38:40.293
2024-06-10 13:16:10,2024-06-10 13:16:10,0.184,192.168.60.2,224.0.0.22,0,148,IGMP,...A....,0,192,2,80,0,0,7,0,0,0,24,0,0,0,0.0.0.0,0.0.0.0,0,0,00:00:00:00:00:00,00:00:00:00:00:00,00:00:00:00:00:00,00:00:00:00:00:00,0-0-0,0-0-0,0-0-0,0-0-0,0-0-0,0-0-0,0-0-0,0-0-0,0-0-0,0-0-0,    0.000,    0.000,    0.000,192.168.60.100,0/0,1,2024-06-10 10:16:35.521
2024-06-10 13:16:10,2024-06-10 13:16:15,5.060,192.168.60.2,224.0.0.251,5353,5353,UDP,...A....,0,0,13,1762,0,0,7,0,0,0,24,0,0,0,0.0.0.0,0.0.0.0,0,0,00:00:00:00:00:00,00:00:00:00:00:00,00:00:00:00:00:00,00:00:00:00:00:00,0-0-0,0-0-0,0-0-0,0-0-0,0-0-0,0-0-0,0-0-0,0-0-0,0-0-0,0-0-0,    0.000,    0.000,    0.000,192.168.60.100,0/0,1,2024-06-10 10:16:35.521
2024-06-10 13:16:27,2024-06-10 13:16:27,0.000,192.168.60.2,192.168.60.100,34226,53,UDP,...A....,0,0,1,73,0,0,7,0,0,0,24,24,0,0,0.0.0.0,0.0.0.0,0,0,00:00:00:00:00:00,00:00:00:00:00:00,00:00:00:00:00:00,00:00:00:00:00:00,0-0-0,0-0-0,0-0-0,0-0-0,0-0-0,0-0-0,0-0-0,0-0-0,0-0-0,0-0-0,    0.000,    0.000,    0.000,192.168.60.100,0/0,1,2024-06-10 10:16:50.516
2024-06-10 13:17:13,2024-06-10 13:17:14,1.532,192.168.60.2,224.0.0.251,5353,5353,UDP,...A....,0,0,4,364,0,0,7,0,0,0,24,0,0,0,0.0.0.0,0.0.0.0,0,0,00:00:00:00:00:00,00:00:00:00:00:00,00:00:00:00:00:00,00:00:00:00:00:00,0-0-0,0-0-0,0-0-0,0-0-0,0-0-0,0-0-0,0-0-0,0-0-0,0-0-0,0-0-0,    0.000,    0.000,    0.000,192.168.60.100,0/0,1,2024-06-10 10:17:39.541
2024-06-10 13:17:13,2024-06-10 13:17:14,1.120,192.168.60.2,239.255.255.250,38770,3702,UDP,...A....,0,0,8,5080,0,0,7,0,0,0,24,0,0,0,0.0.0.0,0.0.0.0,0,0,00:00:00:00:00:00,00:00:00:00:00:00,00:00:00:00:00:00,00:00:00:00:00:00,0-0-0,0-0-0,0-0-0,0-0-0,0-0-0,0-0-0,0-0-0,0-0-0,0-0-0,0-0-0,    0.000,    0.000,    0.000,192.168.60.100,0/0,1,2024-06-10 10:17:39.541
2024-06-10 13:17:13,2024-06-10 13:17:15,1.892,192.168.60.2,224.0.0.22,0,148,IGMP,...A....,0,192,4,160,0,0,7,0,0,0,24,0,0,0,0.0.0.0,0.0.0.0,0,0,00:00:00:00:00:00,00:00:00:00:00:00,00:00:00:00:00:00,00:00:00:00:00:00,0-0-0,0-0-0,0-0-0,0-0-0,0-0-0,0-0-0,0-0-0,0-0-0,0-0-0,0-0-0,    0.000,    0.000,    0.000,192.168.60.100,0/0,1,2024-06-10 10:17:39.541
2024-06-21 20:48:51,2024-06-21 20:48:55,4.032,192.168.1.34,192.168.1.195,0,0,ICMP,...A....,0,0,5,420,0,0,4,0,0,0,24,24,0,0,0.0.0.0,0.0.0.0,0,0,00:00:00:00:00:00,00:00:00:00:00:00,00:00:00:00:00:00,00:00:00:00:00:00,0-0-0,0-0-0,0-0-0,0-0-0,0-0-0,0-0-0,0-0-0,0-0-0,0-0-0,0-0-0,    0.000,    0.000,    0.000,192.168.60.100,0/0,1,2024-06-21 17:49:22.236
2024-06-21 20:49:04,2024-06-21 20:49:08,4.084,192.168.40.2,192.168.60.2,0,0,ICMP,...A....,0,0,5,420,0,0,5,7,0,0,24,24,0,0,192.168.60.2,0.0.0.0,0,0,00:00:00:00:00:00,00:00:00:00:00:00,00:00:00:00:00:00,00:00:00:00:00:00,0-0-0,0-0-0,0-0-0,0-0-0,0-0-0,0-0-0,0-0-0,0-0-0,0-0-0,0-0-0,    0.000,    0.000,    0.000,192.168.60.100,0/0,1,2024-06-21 17:49:35.222
2024-06-21 20:49:04,2024-06-21 20:49:08,4.084,192.168.40.2,192.168.60.2,0,0,ICMP,...A....,0,0,5,420,0,0,5,7,0,0,24,24,0,1,192.168.60.2,0.0.0.0,0,0,00:00:00:00:00:00,00:00:00:00:00:00,00:00:00:00:00:00,00:00:00:00:00:00,0-0-0,0-0-0,0-0-0,0-0-0,0-0-0,0-0-0,0-0-0,0-0-0,0-0-0,0-0-0,    0.000,    0.000,    0.000,192.168.60.100,0/0,1,2024-06-21 17:49:35.222
2024-06-21 20:49:04,2024-06-21 20:49:08,4.084,192.168.60.2,192.168.40.2,0,0,ICMP,...A....,0,0,5,420,0,0,7,5,0,0,24,24,0,0,192.168.40.2,0.0.0.0,0,0,00:00:00:00:00:00,00:00:00:00:00:00,00:00:00:00:00:00,00:00:00:00:00:00,0-0-0,0-0-0,0-0-0,0-0-0,0-0-0,0-0-0,0-0-0,0-0-0,0-0-0,0-0-0,    0.000,    0.000,    0.000,192.168.60.100,0/0,1,2024-06-21 17:49:35.222
2024-06-21 20:49:04,2024-06-21 20:49:08,4.084,192.168.60.2,192.168.40.2,0,0,ICMP,...A....,0,0,5,420,0,0,7,5,0,0,24,24,0,1,192.168.40.2,0.0.0.0,0,0,00:00:00:00:00:00,00:00:00:00:00:00,00:00:00:00:00:00,00:00:00:00:00:00,0-0-0,0-0-0,0-0-0,0-0-0,0-0-0,0-0-0,0-0-0,0-0-0,0-0-0,0-0-0,    0.000,    0.000,    0.000,192.168.60.100,0/0,1,2024-06-21 17:49:35.222
2024-06-21 20:49:14,2024-06-21 20:49:18,4.052,192.168.40.2,192.168.60.100,0,0,ICMP,...A....,0,0,5,420,0,0,5,0,0,0,24,24,0,0,0.0.0.0,0.0.0.0,0,0,00:00:00:00:00:00,00:00:00:00:00:00,00:00:00:00:00:00,00:00:00:00:00:00,0-0-0,0-0-0,0-0-0,0-0-0,0-0-0,0-0-0,0-0-0,0-0-0,0-0-0,0-0-0,    0.000,    0.000,    0.000,192.168.60.100,0/0,1,2024-06-21 17:49:35.222
2024-06-21 20:48:51,2024-06-21 20:48:55,4.032,192.168.1.34,192.168.1.195,0,0,ICMP,...A....,0,0,5,420,0,0,4,0,0,0,24,24,0,0,0.0.0.0,0.0.0.0,0,0,00:00:00:00:00:00,00:00:00:00:00:00,00:00:00:00:00:00,00:00:00:00:00:00,0-0-0,0-0-0,0-0-0,0-0-0,0-0-0,0-0-0,0-0-0,0-0-0,0-0-0,0-0-0,    0.000,    0.000,    0.000,192.168.60.100,0/0,1,2024-06-21 17:49:22.236
2024-06-21 20:49:04,2024-06-21 20:49:08,4.084,192.168.40.2,192.168.60.2,0,0,ICMP,...A....,0,0,5,420,0,0,5,7,0,0,24,24,0,0,192.168.60.2,0.0.0.0,0,0,00:00:00:00:00:00,00:00:00:00:00:00,00:00:00:00:00:00,00:00:00:00:00:00,0-0-0,0-0-0,0-0-0,0-0-0,0-0-0,0-0-0,0-0-0,0-0-0,0-0-0,0-0-0,    0.000,    0.000,    0.000,192.168.60.100,0/0,1,2024-06-21 17:49:35.222
2024-06-21 20:49:04,2024-06-21 20:49:08,4.084,192.168.40.2,192.168.60.2,0,0,ICMP,...A....,0,0,5,420,0,0,5,7,0,0,24,24,0,1,192.168.60.2,0.0.0.0,0,0,00:00:00:00:00:00,00:00:00:00:00:00,00:00:00:00:00:00,00:00:00:00:00:00,0-0-0,0-0-0,0-0-0,0-0-0,0-0-0,0-0-0,0-0-0,0-0-0,0-0-0,0-0-0,    0.000,    0.000,    0.000,192.168.60.100,0/0,1,2024-06-21 17:49:35.222
2024-06-21 20:49:04,2024-06-21 20:49:08,4.084,192.168.60.2,192.168.40.2,0,0,ICMP,...A....,0,0,5,420,0,0,7,5,0,0,24,24,0,0,192.168.40.2,0.0.0.0,0,0,00:00:00:00:00:00,00:00:00:00:00:00,00:00:00:00:00:00,00:00:00:00:00:00,0-0-0,0-0-0,0-0-0,0-0-0,0-0-0,0-0-0,0-0-0,0-0-0,0-0-0,0-0-0,    0.000,    0.000,    0.000,192.168.60.100,0/0,1,2024-06-21 17:49:35.222
2024-06-21 20:49:04,2024-06-21 20:49:08,4.084,192.168.60.2,192.168.40.2,0,0,ICMP,...A....,0,0,5,420,0,0,7,5,0,0,24,24,0,1,192.168.40.2,0.0.0.0,0,0,00:00:00:00:00:00,00:00:00:00:00:00,00:00:00:00:00:00,00:00:00:00:00:00,0-0-0,0-0-0,0-0-0,0-0-0,0-0-0,0-0-0,0-0-0,0-0-0,0-0-0,0-0-0,    0.000,    0.000,    0.000,192.168.60.100,0/0,1,2024-06-21 17:49:35.222
2024-06-21 20:49:14,2024-06-21 20:49:18,4.052,192.168.40.2,192.168.60.100,0,0,ICMP,...A....,0,0,5,420,0,0,5,0,0,0,24,24,0,0,0.0.0.0,0.0.0.0,0,0,00:00:00:00:00:00,00:00:00:00:00:00,00:00:00:00:00:00,00:00:00:00:00:00,0-0-0,0-0-0,0-0-0,0-0-0,0-0-0,0-0-0,0-0-0,0-0-0,0-0-0,0-0-0,    0.000,    0.000,    0.000,192.168.60.100,0/0,1,2024-06-21 17:49:35.222
